<?xml version="1.0"?>

<extension>
	<name>PLUGIN_SQUEEZECLOUD</name>
	<module>Plugins::SqueezeCloud::Plugin</module>
	<version>0.8.2.8</version>
	<description>PLUGIN_SQUEEZECLOUD_DESC</description>
	<icon>plugins/SqueezeCloud/icon.png</icon>
	<defaultState>enabled</defaultState>
	<targetApplication>
		<id>SlimServer</id>
		<minVersion>7.5</minVersion>
        	<maxVersion>7.*</maxVersion>
	</targetApplication>
  	<optionsURL>plugins/SqueezeCloud/settings/basic.html</optionsURL>
  	<creator>Robert Gibbon, David Blackman</creator>
  	<email>robSPAMMENOTgibbon@me.com</email>
</extension>
