<extensions>
<details>
<title lang="EN">SqueezeCloud Plugin</title>
</details>
<plugins>
<plugin name="SqueezeCloud" version="0.8.1" minTarget="7.5" maxTarget="*">
<title lang="EN">SqueezeCloud</title>
<desc lang="EN">Browse, search and play urls from soundcloud</desc>
<url>http://192.168.100.2/squeezecloud/SqueezeCloud.zip</url>
<link>https://github.com/blackmad/squeezecloud</link>
<sha>771abfe07bb76b943e1e6fa704cc0453401c9dc9</sha>
<creator>Robert Gibbon, David Blackman</creator>
<email>robSPAMMENOTgibbon@me.com</email>
</plugin>
</plugins>
</extensions>
