<extensions>
	<details>
		<title lang="EN">SqueezeCloud Plugin</title>
	</details>
	<plugins>
		<plugin name="SqueezeCloud" version="0.8.2" minTarget="7.5" maxTarget="*">
			<title lang="EN">SqueezeCloud</title>
			<desc lang="EN">Browse, search and play urls from soundcloud</desc>
			<url>http://grobbie.github.io/SqueezeCloud/SqueezeCloud.zip</url>
			<link>https://github.com/grobbie/SqueezeCloud</link>
			<sha>ddffae0a48ff2be1cdd900c958089901207bbd15</sha>
			<creator>Robert Gibbon, David Blackman</creator>
			<email>robSPAMMENOTgibbon@me.com</email>
		</plugin>
	</plugins>
</extensions>
